HeadSize,Length,StrungWeight,UnStrungWeight,SwingWeight,Balance,Stiffness,BeamWidth1,BeamWidth2,BeamWidth3,NumMains,NumCrosses,MinStringTension,MaxStringTension,StringDensity,Brand,Model,Dim1,Dim2,MyRaquet,Condition
100.0,68.5,301.0,286.0,300.0,34.0,68.0,23.0,26.0,24.0,16.0,19.0,22.0,27.0,0.3289473684210526,Wilson,WilsonRolandGarrosEquipeHP,9.182383,10.679732,0,0
98.0,68.5,313.0,295.0,299.0,33.5,62.0,20.6,20.6,20.6,18.0,16.0,22.0,27.0,0.3402777777777778,Wilson,WilsonBlade98Sv9,1.8663967,3.4354103,0,0
98.0,68.5,323.0,305.0,324.0,33.0,62.0,21.0,21.0,21.0,16.0,19.0,22.0,27.0,0.3223684210526316,Wilson,WilsonBlade9816x19v9,3.472446,-1.2231613,0,0
100.0,68.5,295.0,280.0,299.0,33.0,64.0,24.0,26.5,24.2,16.0,19.0,22.0,27.0,0.3289473684210526,Wilson,WilsonUltra100LV4.0,10.82213,13.26636,0,0
103.0,68.5,278.0,264.0,308.0,34.0,68.0,23.0,23.0,23.0,16.0,20.0,22.0,27.0,0.321875,Wilson,WilsonBladeFeel103,10.272182,3.936128,0,0
100.0,68.5,332.0,315.0,322.0,32.0,66.0,21.5,21.5,21.5,16.0,19.0,22.0,27.0,0.3289473684210526,Wilson,WilsonProStaffX,1.9374048,3.49907,0,0
100.0,69.2,303.0,284.0,304.0,33.3,59.0,23.0,26.0,23.0,16.0,19.0,22.0,26.0,0.3289473684210526,Wilson,WilsonSixLV,9.478219,11.146841,0,0
100.0,68.5,283.0,265.0,304.0,34.0,65.0,22.0,22.0,22.0,16.0,19.0,22.0,27.0,0.3289473684210526,Wilson,WilsonBlade100ULv9,2.9082825,3.6169455,0,0
101.0,68.5,289.0,274.0,308.0,34.0,69.0,23.0,23.0,23.0,16.0,20.0,22.0,27.0,0.315625,Wilson,WilsonBlade101Lv9,10.272349,3.931306,0,0
99.0,68.5,301.0,285.0,311.0,32.6,68.0,23.5,23.5,23.5,16.0,20.0,21.0,26.0,0.309375,Wilson,WilsonUSOpenShift99L(285g),21.17649,6.5402412,0,0
100.0,68.5,318.0,300.0,322.0,33.0,60.0,22.0,22.0,22.0,16.0,19.0,22.0,27.0,0.3289473684210526,Wilson,WilsonBlade100v9,2.9116545,-0.62886447,0,0
100.0,68.5,312.0,295.0,313.0,32.0,57.0,24.5,24.5,24.5,16.0,19.0,22.0,27.0,0.3289473684210526,Wilson,WilsonMinionsClash100v2,10.793202,13.298312,0,0
99.0,68.5,301.0,285.0,311.0,32.6,68.0,23.5,23.5,23.5,16.0,20.0,21.0,26.0,0.309375,Wilson,WilsonShift99L(285g),21.190382,6.5541224,0,0
99.0,68.5,318.0,300.0,320.0,32.4,68.0,23.5,23.5,23.5,16.0,20.0,21.0,26.0,0.309375,Wilson,WilsonShift99(300g),20.918877,6.2822638,0,0
99.0,68.5,318.0,300.0,317.0,32.4,67.0,23.5,23.5,23.5,16.0,20.0,21.0,26.0,0.309375,Wilson,WilsonUSOpenShift99(300g),20.956886,6.320206,0,0
100.0,68.5,312.0,295.0,313.0,32.0,57.0,24.5,24.5,24.5,16.0,19.0,22.0,27.0,0.3289473684210526,Wilson,WilsonRolandGarrosClash100v2,10.776388,13.31593,0,0
100.0,68.5,326.0,310.0,325.0,31.5,59.0,24.5,24.5,24.5,16.0,20.0,22.0,27.0,0.3125,Wilson,WilsonClash100ProV2.0,21.388391,0.3560157,0,0
100.0,68.5,306.0,298.0,294.0,33.5,69.0,23.5,23.5,23.5,16.0,19.0,22.0,27.0,0.3289473684210526,Wilson,WilsonProStaffTeamV14.0,9.144488,10.701306,0,0
100.0,68.5,318.0,300.0,317.0,33.0,70.0,24.0,26.5,24.5,16.0,19.0,22.0,27.0,0.3289473684210526,Wilson,WilsonUltra100V4.0,13.366288,12.626585,0,0
99.0,68.5,318.0,300.0,317.0,32.4,67.0,23.5,23.5,23.5,16.0,20.0,21.0,26.0,0.309375,Wilson,WilsonRGNightSessionShift99(300g),20.994566,6.357872,0,0
99.0,68.5,332.0,315.0,332.0,32.4,68.0,23.5,23.5,23.5,18.0,20.0,21.0,26.0,0.275,Wilson,WilsonShift99Pro(315g),20.87177,6.2353506,0,0
97.0,68.5,306.0,290.0,313.0,33.3,68.0,23.5,23.5,23.5,16.0,19.0,22.0,27.0,0.3190789473684211,Wilson,WilsonProStaff97LV14.0,-1.7173477,12.279841,0,0
100.0,68.5,295.0,280.0,303.0,32.5,55.0,24.5,24.5,24.5,16.0,19.0,22.0,27.0,0.3289473684210526,Wilson,WilsonMinionsClash100Lv2,10.79522,13.296144,0,0
102.0,69.2,266.0,249.0,292.0,35.0,70.0,22.5,22.5,22.5,16.0,20.0,22.0,27.0,0.31875,Wilson,WilsonRolandGarrosTeam102,10.305206,3.916133,0,0
108.0,69.2,283.0,270.0,311.0,34.3,70.0,26.0,27.5,25.5,16.0,18.0,22.0,27.0,0.375,Wilson,WilsonUltra108V4.0,-6.0748267,6.466005,0,0
100.0,68.5,318.0,285.0,308.0,33.7,69.0,22.0,22.0,22.0,16.0,19.0,22.0,27.0,0.3289473684210526,Wilson,WilsonBlade100Lv9,2.9171216,3.6164699,0,0
100.0,68.5,295.0,280.0,303.0,32.5,55.0,24.5,24.5,24.5,16.0,19.0,22.0,27.0,0.3289473684210526,Wilson,WilsonClash100LV2.0,10.794954,13.296435,0,0
103.0,68.5,278.0,264.0,308.0,34.0,68.0,23.0,23.0,23.0,16.0,20.0,22.0,27.0,0.321875,Wilson,WilsonSix.One,10.305676,3.9078422,0,0
100.0,68.5,318.0,300.0,320.0,33.0,72.0,23.5,25.0,23.5,16.0,19.0,22.0,27.0,0.3289473684210526,Wilson,WilsonBurn100V5,13.313395,12.531039,0,0
100.0,68.5,298.0,280.0,313.0,33.3,72.0,23.5,25.0,23.5,18.0,16.0,22.0,27.0,0.3472222222222222,Wilson,WilsonBurn100LSV5,9.065478,10.427078,0,0
100.0,68.5,275.0,260.0,301.0,34.0,67.0,23.5,25.0,23.5,18.0,16.0,22.0,27.0,0.3472222222222222,Wilson,WilsonBurn100ULSV5,9.022819,10.395256,0,0
98.0,68.5,323.0,305.0,327.0,33.0,60.0,21.0,21.0,21.0,16.0,19.0,22.0,27.0,0.3223684210526316,Wilson,WilsonBlade9818x20v9,3.4759798,-1.2269608,0,0
98.0,68.5,323.0,305.0,324.0,33.0,62.0,21.0,21.0,21.0,16.0,19.0,22.0,27.0,0.3223684210526316,Wilson,WilsonBlade9816x19v9RG2024,3.4720383,-1.2230061,0,0
100.0,69.9,320.0,300.0,334.0,33.0,65.0,23.0,26.0,23.0,16.0,19.0,22.0,26.0,0.3289473684210526,Babolat,BabolatPureAeroPlus2023,12.858963,12.475488,0,0
100.0,68.5,318.0,300.0,320.0,33.0,71.0,23.0,26.0,23.0,16.0,19.0,23.0,27.0,0.3289473684210526,Babolat,BabolatPureDrive30thAnniversary,13.305095,12.415849,0,0
98.0,68.5,323.0,305.0,330.0,33.0,63.0,21.0,23.0,21.0,16.0,19.0,21.0,25.0,0.3223684210526316,Babolat,BabolatPureStrike16x19(2024),17.47185,-3.5207136,0,0
100.0,68.5,303.0,290.0,323.0,34.0,69.0,23.0,26.0,23.0,16.0,19.0,22.0,26.0,0.3289473684210526,Babolat,BabolatPureAeroRafa,12.53393,12.1119585,0,0
100.0,68.5,318.0,300.0,324.0,33.0,63.0,21.0,23.0,21.0,16.0,19.0,21.0,25.0,0.3289473684210526,Babolat,BabolatPureStrike100(2024),17.42572,-3.4696755,0,0
105.0,68.5,272.0,260.0,312.0,35.2,65.0,23.0,26.0,23.0,16.0,19.0,22.0,24.0,0.3453947368421052,Babolat,BabolatBoostWimbledon,-5.2261467,6.730207,0,0
102.0,68.5,275.0,260.0,309.0,35.0,65.0,23.0,26.0,23.0,16.0,19.0,22.0,24.0,0.3355263157894737,Babolat,BabolatBoostAeroPink2023,-5.185921,6.783955,0,0
102.0,68.5,289.0,275.0,301.0,33.0,60.0,23.0,26.0,23.0,16.0,18.0,22.0,24.0,0.3541666666666667,Babolat,BabolatEvoAero2022,-0.9544649,-10.8372965,0,0
100.0,68.5,303.0,285.0,307.0,34.0,64.0,21.0,23.0,21.0,16.0,19.0,21.0,25.0,0.3289473684210526,Babolat,BabolatPureStrikeTeam(2024),2.7312074,8.844688,0,0
102.0,68.5,275.0,260.0,294.0,34.0,60.0,23.0,26.0,23.0,16.0,18.0,22.0,24.0,0.3541666666666667,Babolat,BabolatEvoAeroLitePink2022,-0.95444673,-10.837288,0,0
115.0,70.1,255.0,240.0,313.0,35.0,67.0,25.0,28.0,24.0,16.0,17.0,22.0,27.0,0.4227941176470588,Babolat,BabolatEvoDrive115Wimbledon,-6.1265225,6.4220715,0,0
102.0,68.5,275.0,260.0,294.0,34.0,60.0,23.0,26.0,23.0,16.0,18.0,22.0,24.0,0.3541666666666667,Babolat,BabolatEvoAeroLite2022,-0.9544599,-10.837293,0,0
102.0,68.5,295.0,280.0,309.0,33.0,66.0,23.0,24.5,23.0,16.0,19.0,22.0,24.0,0.3355263157894737,Babolat,BabolatEvoStrike,-2.8863955,-5.9032927,0,0
105.0,68.5,275.0,260.0,314.0,35.2,67.0,23.0,26.0,23.0,16.0,19.0,23.0,25.0,0.3453947368421052,Babolat,BabolatBoostDriveW,-5.2865133,6.686351,0,0
104.0,68.5,283.0,270.0,302.0,33.0,68.0,23.0,26.0,23.0,16.0,17.0,22.0,24.0,0.3823529411764705,Babolat,BabolatEvoDrive,-2.9578378,-5.83201,0,0
100.0,68.5,318.0,300.0,322.0,33.0,65.0,23.0,26.0,23.0,16.0,19.0,22.0,26.0,0.3289473684210526,Babolat,BabolatPureAero2023,12.787189,12.362556,0,0
102.0,68.5,275.0,260.0,309.0,35.0,65.0,23.0,26.0,23.0,16.0,19.0,22.0,24.0,0.3355263157894737,Babolat,BabolatBoostAero2023,-5.1653814,6.803021,0,0
102.0,68.5,278.0,260.0,308.0,35.0,68.0,23.0,26.0,23.0,16.0,19.0,22.0,24.0,0.3355263157894737,Babolat,BabolatBoostRafa2,-5.287916,6.7139373,0,0
103.0,68.5,301.0,285.0,303.0,33.0,65.0,21.0,23.0,21.0,16.0,19.0,22.0,26.0,0.3388157894736842,Babolat,BabolatPureStrike103,2.9861197,3.5300553,0,0
102.0,68.5,289.0,275.0,301.0,33.0,60.0,23.0,26.0,23.0,16.0,18.0,22.0,24.0,0.3541666666666667,Babolat,BabolatEvoAeroPink2022,-0.95446694,-10.837316,0,0
100.0,68.5,301.0,285.0,302.0,32.6,67.0,23.0,26.0,23.0,16.0,19.0,22.0,26.0,0.3289473684210526,Babolat,BabolatPureAeroTeam2023,12.593821,12.737653,0,0
100.0,68.5,272.0,255.0,303.0,34.0,69.0,23.0,26.0,23.0,16.0,19.0,22.0,26.0,0.3289473684210526,Babolat,BabolatPureDriveSuperLite,9.425903,11.091633,0,0
110.0,70.1,269.0,255.0,298.0,34.0,70.0,24.0,26.5,23.5,16.0,19.0,22.0,26.0,0.3618421052631579,Babolat,BabolatPureDrive110,-6.0258994,6.491205,0,0
100.0,68.5,323.0,305.0,320.0,32.0,60.0,21.0,23.0,21.0,16.0,20.0,21.0,25.0,0.3125,Babolat,BabolatPureStrike10016x20(2024),14.031668,-1.6846604,0,0
100.0,68.5,301.0,285.0,313.0,32.6,69.0,23.0,26.0,23.0,16.0,19.0,22.0,26.0,0.3289473684210526,Babolat,BabolatPureDriveTeam,12.590765,12.689665,0,0
100.0,68.5,337.0,317.0,371.0,34.0,70.0,23.0,26.0,23.0,16.0,19.0,22.0,26.0,0.3289473684210526,Babolat,BabolatPureAeroRafaOrigin,12.58067,12.166205,0,0
97.0,68.5,332.0,310.0,322.0,32.0,63.0,21.0,22.0,21.0,16.0,20.0,22.0,26.0,0.303125,Babolat,BabolatPureStrikeVS,11.846649,0.5776382,0,0
100.0,69.8,318.0,300.0,324.0,33.0,69.0,23.0,26.0,23.0,16.0,19.0,22.0,26.0,0.3289473684210526,Babolat,BabolatPureDrivePlus,12.637477,12.228778,0,0
100.0,68.5,283.0,270.0,299.0,34.0,69.0,23.0,26.0,23.0,16.0,19.0,22.0,26.0,0.3289473684210526,Babolat,BabolatPureDriveLite,9.411173,11.066086,0,0
102.0,68.5,303.0,285.0,318.0,33.0,68.0,23.0,26.0,23.0,16.0,17.0,22.0,24.0,0.375,Babolat,BabolatEvoDriveTour,-2.9228141,-5.86703,0,0
104.0,68.5,269.0,255.0,295.0,33.0,67.0,23.0,26.0,23.0,16.0,17.0,22.0,24.0,0.3823529411764705,Babolat,BabolatEvoDriveLite,-2.9426312,-5.847159,0,0
98.0,68.5,323.0,305.0,332.0,33.0,63.0,21.0,23.0,21.0,18.0,20.0,21.0,25.0,0.2722222222222222,Babolat,BabolatPureStrike18x20,17.53987,-3.593464,0,0
100.0,68.5,318.0,300.0,320.0,33.0,71.0,23.0,26.0,23.0,16.0,19.0,23.0,27.0,0.3289473684210526,Babolat,BabolatPureDrive,13.298423,12.400905,0,0
98.0,68.5,323.0,305.0,332.0,33.0,63.0,21.0,23.0,21.0,18.0,20.0,21.0,25.0,0.2722222222222222,Babolat,BabolatPureStrike18x20(2024),17.533812,-3.587473,0,0
100.0,68.5,283.0,270.0,304.0,34.0,65.0,23.0,26.0,23.0,16.0,19.0,22.0,26.0,0.3289473684210526,Babolat,BabolatPureAeroLite2023,9.464398,11.130589,0,0
100.0,68.5,318.0,300.0,320.0,33.0,71.0,23.0,26.0,23.0,16.0,19.0,22.0,27.0,0.3289473684210526,Babolat,BabolatPureDriveWimbledon,13.219291,12.390207,0,0
98.0,68.5,323.0,305.0,327.0,32.5,65.0,21.0,23.0,21.0,16.0,20.0,22.0,26.0,0.30625,Babolat,BabolatPureAero98x2,11.826707,0.59953356,0,0
100.0,68.5,283.0,270.0,301.0,33.5,62.0,23.0,24.0,22.0,16.0,19.0,21.0,25.0,0.3289473684210526,Head,HEADBoomMPLAlternate2024,2.5791,9.019954,0,0
98.0,68.5,320.0,305.0,317.0,32.5,63.0,22.0,23.0,21.0,16.0,19.0,21.0,25.0,0.3223684210526316,Head,HEADExtremeTour2022,12.858278,0.048626475,0,0
100.0,68.5,295.0,280.0,308.0,33.5,64.0,23.0,26.0,21.0,16.0,19.0,21.0,25.0,0.3289473684210526,Head,HEADExtremeMPL2024,2.5960515,8.999057,0,0
98.0,68.5,332.0,315.0,325.0,32.4,64.0,20.0,21.5,21.0,16.0,19.0,21.0,25.0,0.3223684210526316,Head,HeadRadicalPro2023,12.672449,-0.25412413,0,0
100.0,68.5,289.0,275.0,302.0,33.6,61.0,23.0,26.0,21.0,16.0,19.0,23.0,28.0,0.3289473684210526,Head,HEADExtremeTeam2022,8.382651,10.021558,0,0
98.0,68.5,323.0,305.0,322.0,32.5,64.0,22.0,23.0,21.0,16.0,19.0,21.0,25.0,0.3223684210526316,Head,HEADExtremePro2024,12.794899,0.09659537,0,0
107.0,69.6,275.0,260.0,310.0,34.7,63.0,25.0,25.0,22.5,16.0,19.0,21.0,25.0,0.3519736842105263,Head,HEADBoomTeamL2024,-4.413679,10.787124,0,0
105.0,68.5,278.0,265.0,304.0,34.8,61.0,23.0,26.0,22.0,16.0,19.0,23.0,28.0,0.3453947368421052,Head,HEADExtremeTeam2024,8.417723,10.047475,0,0
98.0,68.5,337.0,320.0,324.0,32.0,58.0,20.0,20.0,20.0,18.0,20.0,21.0,25.0,0.2722222222222222,Head,HEADPrestigePro2023,12.571789,-0.4062474,0,0
98.0,68.5,332.0,315.0,330.0,32.4,65.0,20.0,21.5,21.0,16.0,19.0,21.0,25.0,0.3223684210526316,Head,HeadGraphene360+RadicalPro,12.693718,-0.18030095,0,0
104.0,68.5,283.0,270.0,301.0,34.25,63.0,24.0,24.0,24.0,16.0,20.0,21.0,25.0,0.325,Head,HEADGravityTeamL2023,3.811606,-4.2895975,0,0
100.0,68.5,312.0,295.0,319.0,33.5,59.0,22.0,22.0,22.0,16.0,20.0,21.0,25.0,0.3125,Head,HEADGravityMP2023,14.248636,-1.8820726,0,0
107.0,69.6,275.0,260.0,310.0,34.7,63.0,25.0,25.0,22.5,16.0,19.0,21.0,25.0,0.3519736842105263,Head,HEADBoomTeamL2024Alternate,-4.4334702,10.767033,0,0
98.0,68.5,329.0,310.0,325.0,32.5,66.0,22.5,22.5,22.0,16.0,19.0,21.0,25.0,0.3223684210526316,Head,HeadBoomPro2022,12.722058,0.05298297,0,0
102.0,68.5,295.0,280.0,305.0,33.0,63.0,22.0,25.0,23.0,16.0,19.0,21.0,25.0,0.3355263157894737,Head,HeadRadicalTeam2023,2.574064,9.022223,0,0
100.0,68.5,332.0,315.0,334.0,32.4,63.0,20.0,20.0,20.0,18.0,20.0,21.0,25.0,0.2777777777777778,Head,HEADGravityPro2023,12.571969,-0.40196216,0,0
100.0,68.5,312.0,295.0,317.0,32.5,66.0,23.0,24.0,22.0,16.0,19.0,21.0,25.0,0.3289473684210526,Head,HEADBoomMP2024,3.1336308,10.519772,0,0
102.0,68.5,289.0,275.0,309.0,33.6,62.0,25.0,25.0,22.0,16.0,19.0,21.0,25.0,0.3355263157894737,Head,HEADBoomTeam2024,-4.382036,10.8184595,0,0
100.0,68.5,312.0,295.0,317.0,32.5,66.0,23.0,24.0,22.0,16.0,19.0,21.0,25.0,0.3289473684210526,Head,HEADBoomMPAlternate2024,3.1567066,10.546757,0,0
98.0,68.5,318.0,300.0,321.0,33.0,65.0,20.0,23.0,21.0,16.0,19.0,21.0,25.0,0.3223684210526316,Head,HeadGraphene360+RadicalMP,17.398426,-3.4425488,0,0
98.0,68.5,326.0,310.0,323.0,32.0,64.0,22.0,22.0,21.5,16.0,19.0,21.0,25.0,0.3223684210526316,Head,HEADBoomPro2024,12.671375,-0.04706172,0,0
95.0,68.5,332.0,315.0,330.0,32.5,62.0,22.0,22.0,22.0,16.0,19.0,21.0,25.0,0.3125,Head,HEADPrestigeTour2023,12.699099,-0.00905097,0,0
99.0,68.5,326.0,310.0,327.0,33.2,62.0,21.5,21.5,21.5,18.0,19.0,21.0,25.0,0.2894736842105263,Head,HEADPrestigeMP2023,17.534523,-3.5902705,0,0
100.0,68.5,283.0,270.0,301.0,33.5,62.0,23.0,24.0,22.0,16.0,19.0,21.0,25.0,0.3289473684210526,Head,HEADBoomMPL2024,2.5575442,9.047032,0,0
98.0,68.5,318.0,300.0,323.0,33.0,65.0,20.0,23.0,21.0,16.0,19.0,21.0,25.0,0.3223684210526316,Head,HeadRadicalMP2023,17.428093,-3.4721978,0,0
100.0,68.5,329.0,310.0,333.0,32.5,60.0,23.0,23.0,23.0,18.0,20.0,21.0,26.0,0.2777777777777778,Head,HEADSpeedProLegend2024,21.369265,0.33660123,0,0
100.0,68.5,318.0,300.0,323.0,33.0,66.0,23.0,26.0,21.0,16.0,19.0,23.0,28.0,0.3289473684210526,Head,HEADExtremeMP2024,13.623743,12.888959,0,0
100.0,68.5,315.0,300.0,323.0,33.0,62.0,23.0,23.0,23.0,16.0,19.0,21.0,25.0,0.3289473684210526,Head,HEADSpeedMP2024,3.1686368,10.571676,0,0
104.0,68.5,301.0,285.0,311.0,33.5,60.0,24.0,24.0,24.0,16.0,20.0,21.0,25.0,0.325,Head,HEADGravityTeam2023,3.7996967,-4.303397,0,0
100.0,68.5,315.0,300.0,323.0,33.0,62.0,23.0,23.0,23.0,16.0,19.0,21.0,26.0,0.3289473684210526,Head,HEADSpeedMPLegend2024,3.1992483,10.666434,0,0
100.0,68.5,318.0,300.0,322.0,33.0,66.0,23.0,26.0,21.0,16.0,19.0,23.0,28.0,0.3289473684210526,Head,HEADExtremeMP2022,13.631183,12.896374,0,0
102.0,68.5,278.0,260.0,301.0,34.5,65.0,22.0,25.0,23.0,16.0,19.0,21.0,25.0,0.3355263157894737,Head,HeadRadicalTeamL2023,-5.1864963,6.7822437,0,0
97.0,68.5,346.0,330.0,333.0,32.0,62.0,21.0,21.0,21.0,16.0,19.0,20.0,27.0,0.3190789473684211,Yonex,YonexPercept97H,8.45225,-6.766773,1,1
98.0,68.5,301.0,285.0,311.0,33.5,61.0,23.0,23.0,21.0,16.0,19.0,20.0,27.0,0.3223684210526316,Yonex,YonexVCORE98L(285g)2023,5.345668,-2.5798285,0,0
100.0,68.5,318.0,300.0,317.0,32.7,67.0,23.8,26.5,22.5,16.0,19.0,20.0,27.0,0.3289473684210526,Yonex,YonexEZONE100(300g)AquaNight,8.653938,19.291859,0,0
100.0,68.5,320.0,305.0,318.0,32.5,66.0,23.0,23.0,23.0,18.0,20.0,20.0,27.0,0.2777777777777778,Yonex,YonexPercept100D,20.942308,6.3055253,0,0
97.0,68.5,306.0,290.0,310.0,33.5,66.0,21.0,21.0,21.0,16.0,19.0,20.0,27.0,0.3190789473684211,Yonex,YonexPercept97L,5.4520817,-2.4764996,0,0
98.0,68.5,301.0,285.0,310.0,34.0,65.0,23.0,24.5,19.5,16.0,19.0,20.0,27.0,0.3223684210526316,Yonex,YonexEZONE98L(285g),5.302101,-2.6178393,0,0
100.0,68.5,298.0,285.0,308.0,33.5,69.0,23.8,26.5,22.5,16.0,19.0,20.0,27.0,0.3289473684210526,Yonex,YonexEZONE100L(285g),-3.9344397,11.271904,0,0
100.0,68.5,315.0,300.0,318.0,33.0,66.0,23.0,23.0,23.0,16.0,19.0,20.0,27.0,0.3289473684210526,Yonex,YonexPercept100,2.541089,12.862297,0,0
100.0,68.5,320.0,300.0,322.0,33.0,65.0,25.3,25.3,22.0,16.0,19.0,20.0,27.0,0.3289473684210526,Yonex,YonexVCORE100(300g)2023,8.671638,19.273209,0,0
100.0,68.5,298.0,280.0,312.0,34.0,66.0,25.3,25.3,22.0,16.0,19.0,20.0,27.0,0.3289473684210526,Yonex,YonexVCORE100LSandBeige(280g)(2024),-3.8758042,11.328539,0,0
105.0,68.5,278.0,265.0,305.0,34.5,69.0,27.0,28.5,25.0,16.0,17.0,18.0,24.0,0.3860294117647059,Yonex,YonexASTREL105(265g),4.491437,-3.0437284,0,0
100.0,68.5,298.0,285.0,308.0,33.5,69.0,23.8,26.5,22.5,16.0,19.0,20.0,27.0,0.3289473684210526,Yonex,YonexEZONE100L(285g)AquaNight,-3.9283156,11.277189,0,0
119.0,69.2,272.0,255.0,302.0,34.2,66.0,26.0,29.0,24.0,16.0,18.0,18.0,24.0,0.4131944444444444,Yonex,YonexEZONE110(255g),4.435829,-3.0006309,0,0
100.0,68.5,318.0,300.0,317.0,32.7,67.0,23.8,26.5,22.5,16.0,19.0,20.0,27.0,0.3289473684210526,Yonex,YonexEZONE100(300g),8.645721,19.300777,0,0
98.0,68.5,332.0,310.0,326.0,33.0,63.0,23.0,23.0,21.0,16.0,19.0,20.0,27.0,0.3223684210526316,Yonex,YonexVCORE98Tour2023,12.215824,2.515027,0,0
100.0,68.5,320.0,300.0,322.0,33.0,65.0,25.3,25.3,22.0,16.0,19.0,20.0,27.0,0.3289473684210526,Yonex,YonexVCORE100SandBeige(300g)(2024),8.698453,19.244457,0,0
95.0,68.5,326.0,310.0,321.0,32.0,61.0,22.0,22.0,21.0,16.0,19.0,20.0,27.0,0.3125,Yonex,YonexVCORE95(310g)2023,8.417544,-6.748102,0,1
100.0,68.5,298.0,280.0,312.0,34.0,66.0,25.3,25.3,22.0,16.0,19.0,20.0,27.0,0.3289473684210526,Yonex,YonexVCORE100L(280g)2023,-3.9190717,11.255282,0,0
98.0,68.5,323.0,305.0,318.0,32.5,62.0,23.0,23.0,21.0,16.0,19.0,20.0,27.0,0.3223684210526316,Yonex,YonexVCORE98(305g)2023,12.464719,2.7830803,0,0
98.0,68.5,332.0,315.0,332.0,33.0,64.0,23.5,24.5,19.5,16.0,19.0,20.0,27.0,0.3223684210526316,Yonex,YonexEZONE98Tour(315g),12.226408,2.5250564,0,0
98.0,68.5,323.0,305.0,318.0,32.5,62.0,23.0,23.0,21.0,16.0,19.0,20.0,27.0,0.3223684210526316,Yonex,YonexVCORE98SandBeige(305g)(2024),12.363262,2.6722004,0,0
97.0,68.5,326.0,310.0,315.0,32.0,60.0,21.0,21.0,21.0,16.0,19.0,20.0,27.0,0.3190789473684211,Yonex,YonexPercept97,8.320674,-6.6884828,0,1
100.0,68.5,295.0,280.0,313.0,34.0,66.0,23.0,23.0,23.0,16.0,19.0,20.0,27.0,0.3289473684210526,Yonex,YonexPercept100L,2.4866729,12.810053,0,0
97.0,68.5,337.0,320.0,329.0,32.0,62.0,21.0,21.0,21.0,18.0,20.0,20.0,27.0,0.2694444444444444,Yonex,YonexPercept97D,8.493475,-6.7976174,0,1
98.0,68.5,320.0,305.0,300.0,32.5,74.0,24.5,24.5,25.0,16.0,19.0,22.0,24.0,0.3223684210526316,Technifibre,TecnifibreTF-X1305v2,21.196331,6.560083,0,0
98.0,68.5,323.0,305.0,328.0,33.3,64.0,22.0,22.0,22.0,18.0,20.0,22.0,24.0,0.2722222222222222,Technifibre,TecnifibreTF40(305)18x20,12.187067,10.752072,0,0
98.0,68.5,320.0,305.0,321.0,33.2,64.0,22.0,22.0,22.0,16.0,19.0,22.0,24.0,0.3223684210526316,Technifibre,TecnifibreTF40(305)16x19,12.187064,10.7520685,0,0
105.0,68.5,289.0,275.0,310.0,34.0,69.0,25.0,25.5,24.5,16.0,19.0,22.0,24.0,0.3453947368421052,Technifibre,TecnifibreTF-X1275,-5.490129,6.639655,0,0
98.0,68.5,312.0,285.0,325.0,33.0,71.0,23.0,23.0,23.0,16.0,19.0,22.0,24.0,0.3223684210526316,Technifibre,TecnifibreTempo298Iga,12.256617,11.163437,0,0
98.0,68.5,318.0,300.0,320.0,33.0,66.0,22.5,22.5,22.5,16.0,19.0,22.0,24.0,0.3223684210526316,Technifibre,TecnifibreTFightISO300,12.19341,10.774125,0,0
98.0,68.5,329.0,315.0,324.0,32.0,69.0,22.5,22.5,22.5,16.0,19.0,22.0,24.0,0.3223684210526316,Technifibre,TecnifibreTFightISO315,12.742054,0.09696236,0,0
98.0,68.5,320.0,305.0,338.0,33.3,64.0,22.5,22.5,22.5,18.0,19.0,22.0,24.0,0.2865497076023391,Technifibre,TecnifibreTFightISO305,12.185899,10.75253,0,0
100.0,68.5,312.0,295.0,324.0,33.5,70.0,23.0,23.0,23.0,16.0,19.0,22.0,24.0,0.3289473684210526,Technifibre,TecnifibreTFightISO295,12.270132,11.226181,0,0
98.0,68.5,332.0,315.0,313.0,31.8,64.0,22.0,22.0,22.0,16.0,19.0,22.0,24.0,0.3223684210526316,Technifibre,TecnifibreTF40(315)16x19,12.099087,0.37228078,0,0
98.0,68.5,332.0,315.0,315.0,32.0,64.0,22.0,22.0,22.0,18.0,20.0,22.0,24.0,0.2722222222222222,Technifibre,TecnifibreTF40(315)18x20,12.06198,0.40305305,0,0
110.0,69.9,272.0,265.0,321.0,36.5,76.0,26.0,27.0,26.0,16.0,18.0,18.0,24.0,0.3819444444444444,Dunlop,DunlopLX800(255g),-7.3147497,9.526457,0,0
100.0,68.5,318.0,300.0,317.0,33.0,66.0,23.0,23.0,23.0,16.0,19.0,20.0,29.0,0.3289473684210526,Dunlop,DunlopCX400Tour(300g),2.5530024,12.895984,0,0
115.0,69.9,269.0,255.0,321.0,37.0,75.0,27.5,28.0,26.0,16.0,18.0,18.0,24.0,0.3993055555555556,Dunlop,DunlopLX1000(255g),-7.3147836,9.52652,0,0
95.0,68.5,332.0,315.0,316.0,32.0,66.0,20.5,20.5,20.5,18.0,20.0,20.0,29.0,0.2638888888888889,Dunlop,DunlopCX200Tour18x20(315g),8.05574,-6.5970325,0,1
100.0,68.5,318.0,300.0,322.0,33.0,68.0,23.0,26.0,23.0,16.0,19.0,20.0,29.0,0.3289473684210526,Dunlop,DunlopSX300,2.9032567,13.552389,0,0
95.0,68.5,326.0,310.0,318.0,32.0,63.0,20.5,20.5,20.5,16.0,19.0,20.0,29.0,0.3125,Dunlop,DunlopSrixonCX200Tour16x19(310g),8.059289,-6.598057,0,1
105.0,68.5,312.0,295.0,313.0,33.5,61.0,21.5,21.5,21.5,16.0,19.0,18.0,27.0,0.3453947368421052,Dunlop,DunlopSrixonCX200OS(295g),0.6157319,4.294704,0,0
98.0,68.5,323.0,305.0,317.0,32.5,64.0,21.5,21.5,21.5,16.0,19.0,20.0,29.0,0.3223684210526316,Dunlop,DunlopSrixonCX200(305g),5.877821,-2.1784976,0,0
110.0,69.9,272.0,265.0,321.0,36.5,76.0,26.0,27.0,26.0,16.0,18.0,18.0,24.0,0.3819444444444444,Dunlop,DunlopLX800(255g)2024,-7.314873,9.526663,0,0
115.0,69.9,269.0,255.0,305.0,37.0,75.0,27.0,28.0,26.0,16.0,18.0,18.0,25.0,0.3993055555555556,Dunlop,DunlopLX1000(255g)2024,4.3666487,-2.9483824,0,0
98.0,68.5,303.0,290.0,314.0,33.5,64.0,21.5,21.5,21.5,16.0,19.0,20.0,29.0,0.3223684210526316,Dunlop,DunlopCX200LS(290g)&#xC2;&#xA0;,5.4680905,-2.4709938,0,0
95.0,68.5,326.0,310.0,314.0,32.0,66.0,20.5,20.5,20.5,16.0,19.0,20.0,29.0,0.3125,Dunlop,DunlopCX200Tour16x19(310g),8.057048,-6.597511,0,1
95.0,68.5,332.0,315.0,319.0,32.0,62.0,20.5,20.5,20.5,18.0,20.0,20.0,29.0,0.2638888888888889,Dunlop,DunlopSrixonCX200Tour18x20(315g),8.0569315,-6.597421,0,1
100.0,68.5,301.0,285.0,314.0,34.0,71.0,24.0,24.0,24.0,16.0,19.0,20.0,29.0,0.3289473684210526,Dunlop,DunlopCX400,3.1270268,14.331009,0,0
105.0,68.5,312.0,295.0,319.0,33.5,63.0,21.5,21.5,21.5,16.0,19.0,18.0,27.0,0.3453947368421052,Dunlop,DunlopCX200OS(295g),0.6282912,4.2808347,0,0
100.0,68.5,326.0,310.0,317.0,32.5,68.0,24.0,26.0,23.0,16.0,19.0,22.0,27.0,0.3289473684210526,Volkl,V&#xF6;lklV-Cell9,13.419559,12.705372,0,0
102.0,68.5,320.0,305.0,326.0,33.3,64.0,27.0,25.0,22.0,16.0,19.0,21.0,27.0,0.3355263157894737,Volkl,VolklV1EVO,8.687422,19.25527,0,0
100.0,68.5,323.0,310.0,316.0,33.0,65.0,21.0,21.0,21.0,16.0,19.0,22.0,27.0,0.3289473684210526,Volkl,V&#xF6;lklVostraV9(305g)2024,1.823783,3.5027611,0,0
102.0,68.5,301.0,285.0,302.0,33.0,68.0,25.0,22.0,28.0,16.0,19.0,22.0,27.0,0.3355263157894737,Volkl,V&#xF6;lklV-CellV1MP,8.823225,10.780058,0,0
98.0,68.5,349.0,330.0,326.0,31.75,62.0,20.0,20.0,20.0,16.0,19.0,22.0,27.0,0.3223684210526316,Volkl,V&#xF6;lklC10Pro,2.125779,0.44812754,0,0
110.0,70.1,298.0,285.0,310.0,33.5,68.0,26.0,23.0,29.0,16.0,19.0,22.0,27.0,0.3618421052631579,Volkl,V&#xF6;lklV-CellV1OS,8.7682,10.790382,0,0
102.0,68.5,303.0,290.0,317.0,34.0,68.0,27.0,25.0,22.0,16.0,19.0,21.0,27.0,0.3355263157894737,Volkl,V&#xF6;lklV1Classic,-3.8844264,11.314573,0,0
115.0,70.6,272.0,255.0,312.0,36.5,70.0,28.5,27.5,28.5,16.0,17.0,21.0,26.0,0.4227941176470588,Volkl,V&#xF6;lklV-Cell1,4.131349,-2.7534225,0,0
98.0,68.5,323.0,310.0,319.0,33.0,63.0,20.0,20.0,20.0,16.0,19.0,22.0,27.0,0.3223684210526316,Volkl,V&#xF6;lklC10EVO,3.4627228,-1.2140768,0,0
115.0,70.1,283.0,265.0,322.0,35.5,71.0,28.0,27.0,27.0,16.0,19.0,20.0,27.0,0.3782894736842105,Volkl,V&#xF6;lklV-Cell2,4.0950046,-2.723345,0,0
98.0,68.5,335.0,320.0,319.0,32.0,67.0,20.5,22.5,21.0,16.0,19.0,22.0,27.0,0.3223684210526316,Volkl,V&#xF6;lklV-Cell10320g,1.9939115,0.6760833,0,0
98.0,68.5,349.0,330.0,326.0,31.75,62.0,20.0,20.0,20.0,16.0,19.0,22.0,27.0,0.3223684210526316,Volkl,V&#xF6;lklC10Pro(25.Jahre),2.1288857,0.44628403,0,0
100.0,68.5,323.0,310.0,305.0,33.5,65.0,21.0,23.0,21.0,16.0,19.0,22.0,27.0,0.3289473684210526,Volkl,V&#xF6;lklVostraV9(290g),1.7778183,3.4130344,0,0
100.0,68.5,278.0,260.0,287.0,34.0,69.0,22.5,24.5,22.5,16.0,18.0,22.0,27.0,0.3472222222222222,Volkl,V&#xF6;lklV-Cell5,3.1443572,3.6982913,0,0
98.0,68.5,315.0,300.0,311.0,33.5,68.0,20.5,22.5,21.0,16.0,19.0,22.0,27.0,0.3223684210526316,Volkl,V&#xF6;lklV-Cell10300g,1.3134259,2.483144,0,0
97.0,68.5,323.0,305.0,330.0,33.0,57.0,19.5,19.5,19.5,16.0,19.0,22.0,29.0,0.3190789473684211,ProKennex,ProKennexKiBlackAcePro(305g),2.5165439,-0.09767892,0,0
100.0,68.5,315.0,300.0,329.0,33.5,65.0,21.5,21.5,21.5,16.0,20.0,22.0,29.0,0.3125,ProKennex,ProKennexKiQ+5(300g),9.573415,4.0563855,0,0
100.0,68.5,332.0,315.0,334.0,32.0,67.0,21.5,21.5,21.5,16.0,20.0,22.0,29.0,0.3125,ProKennex,ProKennexKiQ+5Pro(315g),9.404856,4.0632844,0,0
105.0,69.9,295.0,280.0,323.0,34.0,68.0,25.0,25.0,25.0,16.0,19.0,22.0,29.0,0.3453947368421052,ProKennex,ProKennexKi15(280g),6.1093903,9.345518,0,0
105.0,69.9,272.0,260.0,320.0,34.8,70.0,25.0,24.5,23.0,16.0,19.0,22.0,29.0,0.3453947368421052,ProKennex,ProKennexKi15(260g),5.9222817,9.377188,0,0
105.0,69.9,278.0,260.0,324.0,34.3,72.0,26.0,26.0,26.0,16.0,19.0,22.0,29.0,0.3453947368421052,ProKennex,ProKennexKiQ+15Light(260g),5.8348927,9.333598,0,0
98.0,68.5,332.0,315.0,328.0,32.0,60.0,20.3,20.3,20.3,16.0,19.0,22.0,29.0,0.3223684210526316,ProKennex,ProKennexKiQ+TourPro(315g),2.46143,-0.043082513,0,0
105.0,69.2,318.0,300.0,326.0,33.0,64.0,23.5,23.5,23.5,16.0,19.0,22.0,29.0,0.3453947368421052,ProKennex,ProKennexKiBlackAce105(300g),6.4356666,9.183559,0,0
105.0,69.9,315.0,300.0,327.0,33.0,68.0,25.0,25.0,25.0,16.0,19.0,22.0,29.0,0.3453947368421052,ProKennex,ProKennexKi15(300g),6.4113264,9.090013,0,0
105.0,69.9,301.0,285.0,328.0,33.25,72.0,26.0,26.0,26.0,16.0,19.0,22.0,29.0,0.3453947368421052,ProKennex,ProKennexKiQ+15(285g),6.312391,9.132709,0,0
100.0,68.5,312.0,295.0,320.0,33.5,64.0,22.0,22.0,22.0,16.0,20.0,22.0,29.0,0.3125,ProKennex,ProKennexKi5(295g)(2022),9.711477,4.034346,0,0
100.0,68.5,301.0,285.0,325.0,33.5,59.0,21.0,21.0,21.0,16.0,19.0,22.0,29.0,0.3289473684210526,ProKennex,ProKennexKiBlackAce(285g),2.8729362,-0.5884354,0,0
98.0,68.5,343.0,325.0,331.0,32.0,62.0,20.3,20.3,20.3,18.0,20.0,22.0,29.0,0.2722222222222222,ProKennex,ProKennexKiQ+TourPro(325g),2.4073024,0.030909393,0,0
98.0,68.5,315.0,300.0,329.0,32.5,63.0,20.3,20.3,20.3,16.0,19.0,22.0,29.0,0.3223684210526316,ProKennex,ProKennexKiQ+Tour(300g),2.4795213,-0.06124005,0,0
119.0,69.9,272.0,260.0,321.0,35.2,72.0,28.0,28.0,28.0,16.0,19.0,22.0,29.0,0.3914473684210526,ProKennex,ProKennexKiQ+30(260g),5.7587223,9.310608,0,0
100.0,68.5,320.0,305.0,331.0,33.0,68.0,24.0,24.0,24.0,16.0,19.0,22.0,29.0,0.3289473684210526,ProKennex,ProKennexKi10(305g),6.4105024,9.092015,0,0
100.0,68.5,291.0,275.0,315.0,34.8,65.0,22.0,22.0,22.0,16.0,20.0,22.0,29.0,0.3125,ProKennex,ProKennexKi5(260g)(2022),9.859219,4.020136,0,0
100.0,68.5,283.0,270.0,315.0,35.3,69.0,22.0,22.0,22.0,16.0,20.0,22.0,29.0,0.3125,ProKennex,ProKennexKi5(270g)(2022),9.955743,3.9706593,0,0
98.0,68.5,303.0,290.0,313.0,33.0,68.0,24.0,24.0,24.0,16.0,19.0,22.0,27.0,0.3223684210526316,ProKennex,ProKennexDestinyFCS(290g),-1.7174321,12.279871,0,0
105.0,69.9,320.0,305.0,335.0,32.8,72.0,26.0,26.0,26.0,16.0,19.0,22.0,29.0,0.3453947368421052,ProKennex,ProKennexKiQ+15Pro(305g),6.447896,9.033629,0,0
100.0,68.5,289.0,275.0,310.0,34.0,68.0,23.0,25.0,23.0,16.0,19.0,23.0,25.0,0.3289473684210526,Lacoste,LacosteL23L,9.437604,11.105575,0,0
100.0,68.5,303.0,290.0,304.0,32.0,69.0,22.5,24.0,23.5,16.0,19.0,23.0,24.0,0.3289473684210526,Lacoste,LacosteL20,12.556897,12.649125,0,0
100.0,68.5,315.0,300.0,318.0,32.8,69.0,23.0,25.0,23.0,16.0,19.0,23.0,25.0,0.3289473684210526,Lacoste,LacosteL23,12.553085,12.594059,0,0
98.0,71.0,323.0,305.0,345.0,33.0,64.0,21.7,21.7,21.7,16.0,19.0,22.0,27.0,0.3223684210526316,Solinco,SolincoWhiteoutXTD+98(305g),0.7297755,1.3990474,0,0
98.0,68.5,323.0,305.0,327.0,33.0,66.0,21.7,21.7,21.7,16.0,19.0,22.0,27.0,0.3223684210526316,Solinco,SolincoWhiteout98(305g),0.7739603,1.4236255,0,0
98.0,68.5,323.0,305.0,324.0,33.0,66.0,21.7,21.7,21.7,18.0,20.0,22.0,27.0,0.2722222222222222,Solinco,SolincoWhiteout98(305g)18x20,0.72282904,1.3910308,0,0
100.0,71.0,320.0,300.0,333.0,32.5,66.0,23.5,26.0,23.0,16.0,19.0,22.0,27.0,0.3289473684210526,Solinco,SolincoBlackoutXTD+100(300g),12.92983,12.53502,0,0
100.0,68.5,301.0,285.0,313.0,33.5,65.0,24.0,26.0,22.0,16.0,19.0,22.0,27.0,0.3289473684210526,Prince,PrinceWarrior100(285g),8.510086,9.9710245,0,0
100.0,68.5,289.0,275.0,219.0,34.0,65.0,24.0,26.0,23.0,16.0,18.0,21.0,26.0,0.3472222222222222,Prince,PrinceHydrogenSkulls(275g),4.153582,-3.916578,0,0
98.0,68.5,323.0,305.0,325.0,32.5,62.0,23.0,23.0,20.0,16.0,19.0,21.0,26.0,0.3223684210526316,Prince,PrinceTour98,12.275215,2.538,0,0
100.0,68.5,281.0,265.0,306.0,35.9,66.0,24.0,26.0,22.0,16.0,19.0,22.0,27.0,0.3289473684210526,Prince,PrinceWarrior100(265g),8.639226,10.057781,0,0
100.0,68.5,323.0,305.0,322.0,32.0,61.0,22.0,23.0,20.0,18.0,20.0,20.0,24.0,0.2777777777777778,Prince,PrinceHydrogenNeon(305g),13.904538,-1.5683602,0,0
100.0,68.5,323.0,305.0,320.0,32.5,59.0,22.0,20.5,18.0,16.0,18.0,20.0,24.0,0.3472222222222222,Prince,PrincePhantom100X(305g)(2024),0.25043258,4.77516,0,0
105.0,68.5,283.0,270.0,305.0,34.3,60.0,27.0,25.0,22.0,16.0,19.0,20.0,24.0,0.3453947368421052,Prince,PrinceTwistPowerX105,-4.404739,10.796513,0,0
100.0,68.5,323.0,305.0,322.0,32.0,61.0,22.0,23.0,20.0,18.0,20.0,20.0,24.0,0.2777777777777778,Prince,PrinceTour100P,13.927162,-1.5906337,0,0
100.0,68.5,306.0,290.0,318.0,33.0,62.0,22.0,23.0,20.0,16.0,18.0,21.0,26.0,0.3472222222222222,Prince,PrinceHydrogenSkulls(290g),0.7243171,4.2065926,0,0
100.0,68.5,303.0,290.0,317.0,33.0,59.0,22.0,20.5,18.0,16.0,18.0,20.0,24.0,0.3472222222222222,Prince,PrincePhantom100X(290g)(2024),0.25946006,4.764317,0,0
105.0,69.2,295.0,280.0,321.0,34.5,67.0,23.5,25.0,23.0,16.0,19.0,24.0,28.0,0.3453947368421052,Prince,PrinceO3Legacy105,6.082782,9.361661,0,0
100.0,68.5,306.0,290.0,314.0,33.0,66.0,24.5,24.5,20.0,16.0,18.0,20.0,24.0,0.3472222222222222,Prince,PrinceTwistPowerX100,3.129614,10.514323,0,0
100.0,68.5,290.0,275.0,290.0,33.7,65.0,22.0,23.0,20.0,16.0,18.0,21.0,26.0,0.3472222222222222,Prince,PrinceTour100(275g),2.6879134,8.89107,0,0
100.0,68.5,326.0,310.0,323.0,32.0,62.0,22.0,23.0,20.0,16.0,18.0,21.0,26.0,0.3472222222222222,Prince,PrinceTour100(310g),0.8269041,4.129261,0,0
100.0,69.8,326.0,310.0,324.0,32.5,59.0,20.5,19.5,16.5,16.0,18.0,22.0,26.0,0.3472222222222222,Prince,PrincePhantom100P(310g),1.0770869,3.9887629,0,0
100.0,68.5,306.0,290.0,318.0,33.0,62.0,22.0,23.0,20.0,16.0,18.0,21.0,26.0,0.3472222222222222,Prince,PrinceHydrogenNeon(290g),0.7145733,4.215828,0,0
100.0,68.5,281.0,265.0,311.0,34.7,62.0,27.0,25.0,22.0,16.0,19.0,21.0,26.0,0.3289473684210526,Prince,PrinceRipcord100(265g),-4.281908,10.919948,0,0
100.0,68.5,318.0,300.0,320.0,32.5,67.0,24.0,25.5,22.0,16.0,19.0,22.0,27.0,0.3289473684210526,Prince,PrinceBeast100LTD,13.47122,12.739811,0,0
120.0,69.2,275.0,260.0,330.0,36.0,69.0,27.5,29.5,27.0,16.0,19.0,24.0,28.0,0.3947368421052631,Prince,PrinceO3Legacy120,5.7711143,9.321239,0,0
107.0,68.5,289.0,275.0,313.0,34.3,68.0,28.0,27.0,24.0,16.0,19.0,22.0,27.0,0.3519736842105263,Prince,PrinceWarrior107Pink(275g),-6.1108856,6.4392924,0,0
100.0,68.5,281.0,265.0,315.0,34.3,68.0,24.0,25.5,22.0,16.0,19.0,22.0,27.0,0.3289473684210526,Prince,PrinceBeast100Pink,8.879005,10.194043,0,0
107.0,68.5,289.0,275.0,313.0,34.3,68.0,28.0,27.0,24.0,16.0,19.0,22.0,27.0,0.3519736842105263,Prince,PrinceWarrior107(275g),-6.1272607,6.4243007,0,0
100.0,68.5,289.0,275.0,219.0,34.0,65.0,24.0,26.0,23.0,16.0,18.0,21.0,26.0,0.3472222222222222,Prince,PrinceHydrogenNeon(275g),4.178945,-3.89524,0,0
100.0,68.5,306.0,290.0,318.0,33.0,62.0,22.0,23.0,20.0,16.0,18.0,21.0,26.0,0.3472222222222222,Prince,PrinceTour100(290g),0.73191005,4.1938496,0,0
100.0,68.5,281.0,265.0,313.0,34.3,67.0,24.0,26.0,23.0,16.0,19.0,22.0,27.0,0.3289473684210526,Prince,PrinceHydrogenSpark(265g),8.927916,10.244735,0,0
100.0,68.5,318.0,300.0,323.0,32.5,69.0,24.0,26.0,23.0,16.0,19.0,22.0,27.0,0.3289473684210526,Prince,PrinceHydrogenSpark(300g),13.348938,12.607653,0,0
100.0,68.5,281.0,265.0,315.0,34.3,68.0,24.0,25.5,22.0,16.0,19.0,22.0,27.0,0.3289473684210526,Prince,PrinceBeast100,8.897956,10.1501255,0,0
107.0,68.5,323.0,305.0,320.0,32.0,62.0,21.5,20.0,17.5,16.0,19.0,20.0,24.0,0.3519736842105263,Prince,PrincePhantom107X(305g),0.2473141,4.7786446,0,0
100.0,68.5,335.0,320.0,327.0,31.75,59.0,22.0,20.5,18.0,16.0,20.0,20.0,24.0,0.3125,Prince,PrincePhantom100X(320g)(2024),13.852218,-1.5162472,0,0
95.0,68.5,337.0,320.0,324.0,31.75,61.0,22.0,22.0,19.0,16.0,19.0,20.0,24.0,0.3125,Prince,PrinceTour95,12.614206,-0.31983796,0,0
104.0,69.9,306.0,290.0,311.0,32.99,64.0,22.0,22.0,22.0,16.0,19.0,22.0,27.0,0.3421052631578947,Wilson,WilsonBlade104v9,2.9891036,3.5364444,0,0
97.0,68.5,283.0,270.0,301.0,33.02,67.0,23.5,23.5,23.5,16.0,19.0,22.0,27.0,0.3190789473684211,Wilson,WilsonProStaff97ULV14.0,-1.7169721,12.278685,0,0
98.0,68.5,326.0,310.0,327.0,31.75,60.0,24.0,24.0,24.0,16.0,20.0,22.0,27.0,0.30625,Wilson,WilsonClash98V2.0,21.388058,0.3556541,0,0
100.0,68.5,275.0,260.0,286.0,33.99,68.0,24.0,26.5,24.5,16.0,19.0,21.0,25.0,0.3289473684210526,Wilson,WilsonUltra100ULV4.0,4.203627,-3.8734224,0,0
97.0,68.5,332.0,315.0,325.0,32.0,66.0,21.5,21.5,21.5,16.0,19.0,22.0,27.0,0.3190789473684211,Wilson,WilsonProStaff97V14.0,1.9357781,0.6794687,0,0
98.0,68.5,323.0,305.0,322.0,33.32,67.0,21.0,23.0,21.0,16.0,19.0,22.0,26.0,0.3223684210526316,Babolat,BabolatPureDrive98,0.86144674,1.5824574,0,0
98.0,68.5,323.0,305.0,321.0,32.49,65.0,21.0,23.0,22.0,16.0,20.0,22.0,26.0,0.30625,Babolat,BabolatPureAero98(x1),11.858003,0.5697634,0,0
97.0,68.5,332.0,310.0,321.0,31.98,63.0,21.0,22.0,21.0,16.0,20.0,21.0,25.0,0.303125,Babolat,BabolatPureStrike97,12.67981,-0.23859417,0,0
98.0,68.5,337.0,320.0,325.0,31.98,58.0,20.0,20.0,20.0,16.0,19.0,21.0,25.0,0.3223684210526316,Head,HEADPrestigePro202316x19,12.555026,-0.43874058,0,0
100.0,68.5,326.0,310.0,326.0,32.49,62.0,23.0,23.0,23.0,18.0,20.0,21.0,25.0,0.2777777777777778,Head,HeadSpeedProBlack2023,21.346903,0.31418306,0,0
100.0,68.5,329.0,310.0,333.0,32.51,60.0,23.0,23.0,23.0,18.0,20.0,21.0,25.0,0.2777777777777778,Head,HEADSpeedPro2024,21.365326,0.3325989,0,0
99.0,68.5,318.0,300.0,309.0,32.49,61.0,21.5,21.5,21.5,16.0,19.0,21.0,25.0,0.3256578947368421,Head,HeadPrestigeMPL2023,12.972811,0.069093965,0,0
105.0,69.1,283.0,270.0,306.0,33.48,61.0,24.0,24.0,24.0,16.0,19.0,21.0,25.0,0.3453947368421052,Head,HEADSpeedTeam2024,3.8298748,-4.2716794,0,0
100.0,68.5,295.0,280.0,313.0,33.48,60.0,23.0,23.0,23.0,16.0,19.0,21.0,25.0,0.3289473684210526,Head,HEADSpeedMPL2024,2.5567524,9.071767,0,0
100.0,68.5,323.0,305.0,319.0,32.99,63.0,22.0,22.0,22.0,18.0,20.0,21.0,25.0,0.2777777777777778,Head,HEADGravityTour2023,14.113328,-1.7595425,0,0
98.0,68.5,323.0,305.0,314.0,32.49,65.0,23.5,24.5,19.5,16.0,19.0,20.0,27.0,0.3223684210526316,Yonex,YonexEZONE98(305g)AquaNight,12.468538,2.78594,0,0
98.0,68.5,323.0,305.0,314.0,32.49,65.0,23.5,24.5,19.5,16.0,19.0,20.0,27.0,0.3223684210526316,Yonex,YonexEZONE98(305g),12.430979,2.7499535,0,0
100.0,68.5,283.0,270.0,303.0,33.99,68.0,23.8,26.5,22.5,16.0,18.0,18.0,24.0,0.3472222222222222,Yonex,YonexEZONE100SL(270g),4.6861324,-3.1766112,0,0
98.0,68.5,283.0,270.0,299.0,34.09,69.0,23.5,25.0,21.0,16.0,19.0,18.0,24.0,0.3223684210526316,Yonex,YonexEZONEGAME(270g),4.795236,-3.0818248,0,0
98.0,68.5,320.0,305.0,308.0,32.08,64.0,21.5,21.5,21.5,16.0,19.0,20.0,29.0,0.3223684210526316,Dunlop,DunlopCX200(305g),5.8931274,-2.165529,0,0
107.0,69.9,278.0,265.0,325.0,34.8,67.0,23.0,27.0,23.0,16.0,18.0,18.0,27.0,0.3715277777777778,Dunlop,DunlopFX700(2023),4.095598,-2.722717,0,0
98.0,68.5,323.0,305.0,324.0,32.49,66.0,23.0,26.0,23.0,16.0,19.0,20.0,29.0,0.3223684210526316,Dunlop,DunlopSX300Tour305g,2.8111901,13.646773,0,0
98.0,68.5,323.0,305.0,317.0,32.49,65.0,21.0,23.0,21.0,16.0,19.0,20.0,29.0,0.3223684210526316,Dunlop,DunlopFX500Tour(2023),5.892319,-2.1667924,0,0
100.0,68.5,283.0,270.0,299.0,33.73,63.0,23.0,26.0,23.0,16.0,18.0,20.0,29.0,0.3472222222222222,Dunlop,DunlopSX300Lite270g,3.1100407,14.339732,0,0
100.0,68.5,320.0,300.0,321.0,33.02,69.0,23.0,26.0,23.0,16.0,19.0,20.0,29.0,0.3289473684210526,Dunlop,DunlopFX500(2023),2.9409716,13.531843,0,0
100.0,68.5,301.0,285.0,314.0,33.32,67.0,23.0,26.0,23.0,16.0,19.0,20.0,29.0,0.3289473684210526,Dunlop,DunlopSX300LS285g,3.159336,14.284637,0,0
100.0,68.5,301.0,285.0,305.0,33.48,67.0,23.0,26.0,23.0,16.0,19.0,20.0,29.0,0.3289473684210526,Dunlop,DunlopFX500LS(2023),3.1211667,14.333867,0,0
100.0,68.5,318.0,300.0,322.0,33.02,68.0,23.0,26.0,23.0,16.0,19.0,20.0,29.0,0.3289473684210526,Dunlop,DunlopSX300300g,2.9199347,13.5682335,0,0
100.0,68.5,283.0,270.0,301.0,33.99,68.0,23.0,26.0,23.0,16.0,18.0,20.0,29.0,0.3472222222222222,Dunlop,DunlopFX500Lite(2023),3.1144876,14.345329,0,0
100.0,68.5,329.0,315.0,319.0,32.49,66.0,22.0,24.0,22.0,16.0,18.0,22.0,27.0,0.3472222222222222,Volkl,V&#xF6;lkl&#xC2;&#xA0;Vostra8(315g),2.3270173,3.578776,0,0
100.0,68.5,318.0,300.0,323.0,32.64,67.0,22.0,24.0,22.0,16.0,18.0,22.0,27.0,0.3472222222222222,Volkl,V&#xF6;lklVostra8(300g),2.3908281,3.5821056,0,0
105.0,70.1,289.0,275.0,306.0,33.48,66.0,25.0,25.0,25.0,16.0,19.0,20.0,27.0,0.3453947368421052,Volkl,V&#xF6;lklVostra4,3.9188015,-4.1799555,0,0
100.0,68.5,289.0,275.0,301.0,33.99,68.0,24.0,26.0,23.0,16.0,19.0,22.0,27.0,0.3289473684210526,Volkl,V&#xF6;lklVostra6,9.131297,10.557555,0,0
100.0,68.5,301.0,285.0,310.0,33.48,67.0,22.0,24.0,22.0,16.0,18.0,22.0,27.0,0.3472222222222222,Volkl,V&#xF6;lkl&#xC2;&#xA0;Vostra8(285g),3.0293105,3.5695968,0,0
110.0,69.2,298.0,285.0,320.0,33.02,68.0,24.0,24.0,24.0,16.0,19.0,22.0,29.0,0.3618421052631579,ProKennex,ProKennexKiQ+20(285g),6.2920394,9.324594,0,0
100.0,68.5,335.0,315.0,325.0,31.98,56.0,21.0,21.0,21.0,16.0,19.0,22.0,29.0,0.3289473684210526,ProKennex,ProKennexKiBlackAce(315g),2.59595,-0.2142804,0,0
100.0,69.9,326.0,305.0,331.0,32.49,66.0,21.5,21.5,21.5,16.0,20.0,22.0,29.0,0.3125,ProKennex,ProKennexKiQ+5XPro(305g),9.464298,4.061892,0,0
100.0,68.5,318.0,300.0,319.0,32.99,55.0,21.0,21.0,21.0,16.0,19.0,22.0,29.0,0.3289473684210526,ProKennex,ProKennexKiBlackAce(300g),2.844433,-0.5569263,0,0
100.0,68.5,303.0,290.0,315.0,33.48,65.0,24.0,24.0,24.0,16.0,19.0,22.0,29.0,0.3289473684210526,ProKennex,ProKennexKi10(290g)(2022),8.35044,9.914536,0,0
98.0,69.9,323.0,305.0,333.0,33.02,67.0,21.7,21.7,21.7,16.0,19.0,22.0,27.0,0.3223684210526316,Solinco,SolincoWhiteout98(305g)XTD,0.69714767,1.366516,0,0
100.0,68.5,301.0,285.0,315.0,33.99,70.0,23.5,26.0,23.0,16.0,19.0,22.0,27.0,0.3289473684210526,Solinco,SolincoBlackout100(285g),9.061133,10.413736,0,0
98.0,68.5,303.0,290.0,314.0,33.48,67.0,21.7,21.7,21.7,16.0,19.0,22.0,27.0,0.3223684210526316,Solinco,SolincoWhiteout98(290g),1.2943076,2.4593935,0,0
100.0,68.5,320.0,300.0,316.0,32.51,71.0,23.5,26.0,23.0,16.0,19.0,22.0,27.0,0.3289473684210526,Solinco,SolincoBlackout100(300g),13.311829,12.572928,0,0
98.0,68.58,337.0,320.5833333333333,331.0,32.39,67.0,23.2,23.0,22.0,16.0,19.0,22.0,27.0,0.3223684210526316,Wilson,WilsonRF01PRO,1.6976538,0.82239956,0,0
98.0,68.58,295.0,278.5833333333333,301.0,33.02,64.0,23.2,23.0,22.0,16.0,19.0,22.0,27.0,0.3223684210526316,Wilson,WilsonRF01Future,-1.7150644,12.274259,0,0
98.0,68.58,318.0,301.5833333333333,319.0,32.64,64.0,23.2,23.0,22.0,16.0,19.0,22.0,27.0,0.3223684210526316,Wilson,WilsonRF01,1.5846632,0.90137815,0,0
115.0,70.1,283.0,266.5833333333333,315.0,35.56,69.0,28.0,27.0,27.0,16.0,19.0,21.0,27.0,0.3782894736842105,Volkl,V&#xf6;lklVostraV2,4.0966597,-2.7239492,0,0
100.0,68.58,278.0,261.5833333333333,290.0,33.99,69.0,22.5,24.5,22.5,16.0,18.0,22.0,27.0,0.3472222222222222,Volkl,V&#xf6;lklVostraV5,3.1386542,3.6928327,0,0
98.0,68.58,337.0,320.0,327.0,31.98,65.0,20.5,22.5,20.5,16.0,19.0,22.0,27.0,0.3223684210526316,Volkl,V&#xf6;lklVostraV10(320g),2.0460792,0.5578066,0,0
98.0,68.58,318.0,300.0,314.0,33.48,68.0,20.5,22.5,21.0,16.0,19.0,22.0,27.0,0.3223684210526316,Volkl,V&#xf6;lklVostraV10(300g),1.2038807,2.3570478,0,0
100.0,68.58,323.0,305.0,322.0,31.98,61.0,22.0,23.0,20.0,18.0,20.0,20.0,25.0,0.2777777777777778,Prince,PrinceTourCarbon100P(305g),13.972932,-1.6334555,0,0
100.0,68.58,306.0,290.0,318.0,33.02,62.0,22.0,23.0,20.0,16.0,18.0,21.0,27.0,0.3472222222222222,Prince,PrinceTourCarbon100(290g),0.66077673,4.2614136,0,0
98.0,68.58,323.0,305.0,325.0,32.49,62.0,23.0,23.0,20.0,16.0,19.0,21.0,27.0,0.3223684210526316,Prince,PrinceTourCarbon98(305g),12.321228,2.6192327,0,0
